{
    "task_type": "classification",
    "best_model": "RandomForestClassifier",
    "best_score": 0.8844484781943954,
    "all_model_scores": {
        "Baseline": {
            "cv_scores": [
                0.35528261583963194,
                0.37792175838595915,
                0.39097866796938613,
                0.4445323627156196,
                0.39097866796938613
            ],
            "cv_mean_score": 0.39193881457599655
        },
        "LogisticRegression": {
            "cv_scores": [
                0.5865635346455635,
                0.5814010572636406,
                0.5361607505371314,
                0.5692143998323773,
                0.613005441201307
            ],
            "cv_mean_score": 0.577269036696004
        },
        "SVC": {
            "cv_scores": [
                0.6903830806065443,
                0.6953849354367214,
                0.6859386110604875,
                0.7012059306756381,
                0.6985262873557845
            ],
            "cv_mean_score": 0.6942877690270353
        },
        "KNN": {
            "cv_scores": [
                0.7530531851760902,
                0.7619549568929853,
                0.7458219941393083,
                0.732283094741786,
                0.804734276366271
            ],
            "cv_mean_score": 0.759569501463288
        },
        "RandomForestClassifier": {
            "cv_scores": [
                0.8886932740427989,
                0.871637807717207,
                0.8867245625334159,
                0.9037952168600598,
                0.8713915298184962
            ],
            "cv_mean_score": 0.8844484781943954
        }
    }
}