{
    "task_type": "classification",
    "metric": "f1_weighted",
    "best_model": "RandomForestClassifier",
    "best_score": 0.8199938079693879,
    "all_model_scores": {
        "Baseline": {
            "cv_scores": [
                0.4678046045891245,
                0.47206616729088635,
                0.47206616729088635,
                0.47206616729088635,
                0.4651372195904944
            ],
            "cv_mean_score": 0.46982806521045556
        },
        "LogisticRegression": {
            "cv_scores": [
                0.7712506966952649,
                0.8010676133370322,
                0.7879379347244515,
                0.7811982846659152,
                0.8202247191011236
            ],
            "cv_mean_score": 0.7923358497047575
        },
        "SVC": {
            "cv_scores": [
                0.8111988874769224,
                0.8276643211558412,
                0.7783071331751136,
                0.8499212050510633,
                0.7977104668572846
            ],
            "cv_mean_score": 0.812960402743245
        },
        "KNN": {
            "cv_scores": [
                0.8082603360944193,
                0.8041334963924476,
                0.7774409313599551,
                0.8345073592163769,
                0.8256047054470583
            ],
            "cv_mean_score": 0.8099893657020514
        },
        "RandomForestClassifier": {
            "cv_scores": [
                0.8480026882849583,
                0.8099488734320194,
                0.7918352436528248,
                0.8143395416363031,
                0.8358426928408339
            ],
            "cv_mean_score": 0.8199938079693879
        }
    }
}