{
    "task_type": "classification",
    "metric": "f1_macro",
    "best_model": "KNN",
    "best_score": 0.9732999164578111,
    "all_model_scores": {
        "Baseline": {
            "cv_scores": [
                0.16666666666666666,
                0.16666666666666666,
                0.16666666666666666,
                0.16666666666666666,
                0.16666666666666666
            ],
            "cv_mean_score": 0.16666666666666666
        },
        "LogisticRegression": {
            "cv_scores": [
                1.0,
                0.9665831244778613,
                0.899749373433584,
                1.0,
                0.899749373433584
            ],
            "cv_mean_score": 0.953216374269006
        },
        "SVC": {
            "cv_scores": [
                1.0,
                0.9665831244778612,
                0.899749373433584,
                1.0,
                0.899749373433584
            ],
            "cv_mean_score": 0.953216374269006
        },
        "KNN": {
            "cv_scores": [
                1.0,
                0.9665831244778613,
                0.9333333333333332,
                1.0,
                0.9665831244778613
            ],
            "cv_mean_score": 0.9732999164578111
        },
        "RandomForestClassifier": {
            "cv_scores": [
                1.0,
                0.9665831244778613,
                0.9326599326599326,
                1.0,
                0.899749373433584
            ],
            "cv_mean_score": 0.9597984861142755
        }
    }
}