{
    "task_type": "classification",
    "metric": "f1_weighted",
    "best_model": "LogisticRegression",
    "best_score": 0.6919083499619632,
    "all_model_scores": {
        "Baseline": {
            "cv_scores": [
                0.4337477378235896,
                0.4790249212705571,
                0.45823839082266044,
                0.4860131731886866,
                0.49303061894281636
            ],
            "cv_mean_score": 0.47001096840966194
        },
        "LogisticRegression": {
            "cv_scores": [
                0.713629097620792,
                0.6978790754542151,
                0.6925330043192894,
                0.675024944687866,
                0.6804756277276534
            ],
            "cv_mean_score": 0.6919083499619632
        },
        "SVC": {
            "cv_scores": [
                0.6984774648407813,
                0.7021599940207777,
                0.6706061590509371,
                0.6488458587270479,
                0.7053578424458966
            ],
            "cv_mean_score": 0.6850894638170881
        },
        "KNN": {
            "cv_scores": [
                0.6871508379888268,
                0.6500689431835245,
                0.5994883657701645,
                0.6466044185386629,
                0.7057684106047565
            ],
            "cv_mean_score": 0.657816195217187
        },
        "RandomForestClassifier": {
            "cv_scores": [
                0.6891036952331454,
                0.6744853348898293,
                0.6052244140577786,
                0.6802611405825998,
                0.728401609789006
            ],
            "cv_mean_score": 0.6754952389104718
        }
    }
}