{
    "task_type": "classification",
    "best_model": "RandomForestClassifier",
    "best_score": 0.8408041290251532,
    "all_model_scores": {
        "Baseline": {
            "cv_scores": [
                0.18596813988875613,
                0.20979425153035178,
                0.21304755852758359,
                0.1890853585332807,
                0.19379599926529326
            ],
            "cv_mean_score": 0.19833826154905307
        },
        "LogisticRegression": {
            "cv_scores": [
                0.82805543243127,
                0.7860284595543484,
                0.8017008646237852,
                0.7969262472484684,
                0.7890179031305685
            ],
            "cv_mean_score": 0.8003457813976882
        },
        "SVC": {
            "cv_scores": [
                0.8581358768521168,
                0.8157848776192086,
                0.8186584414233529,
                0.8313570047608386,
                0.8128828616212888
            ],
            "cv_mean_score": 0.8273638124553612
        },
        "KNN": {
            "cv_scores": [
                0.7589747853937331,
                0.7548723308777358,
                0.7122533185991068,
                0.7170458145480157,
                0.7006399289615044
            ],
            "cv_mean_score": 0.7287572356760192
        },
        "RandomForestClassifier": {
            "cv_scores": [
                0.8718294445062549,
                0.8459272802295006,
                0.8297672338969359,
                0.8396443904810759,
                0.8168522960119987
            ],
            "cv_mean_score": 0.8408041290251532
        }
    }
}