{
    "task_type": "classification",
    "best_model": "SVC",
    "best_score": 0.6967555319713028,
    "all_model_scores": {
        "Baseline": {
            "cv_scores": [
                0.4337477378235896,
                0.4790249212705571,
                0.45823839082266044,
                0.4860131731886866,
                0.49303061894281636
            ],
            "cv_mean_score": 0.47001096840966194
        },
        "LogisticRegression": {
            "cv_scores": [
                0.6970834908500301,
                0.686259039894762,
                0.6925330043192894,
                0.663207669949243,
                0.6755843988118301
            ],
            "cv_mean_score": 0.6829335207650309
        },
        "SVC": {
            "cv_scores": [
                0.7196445652023234,
                0.6992402564640806,
                0.6972008424432475,
                0.6644112606002218,
                0.7032807351466405
            ],
            "cv_mean_score": 0.6967555319713028
        },
        "KNN": {
            "cv_scores": [
                0.6463614191611773,
                0.6500689431835245,
                0.613695846802351,
                0.653641170462056,
                0.6955897028385571
            ],
            "cv_mean_score": 0.6518714164895332
        },
        "RandomForestClassifier": {
            "cv_scores": [
                0.6931681928395698,
                0.6565940933121697,
                0.5944299780838371,
                0.6802611405825998,
                0.7170850101968812
            ],
            "cv_mean_score": 0.6683076830030115
        }
    }
}