{
    "task_type": "classification",
    "best_model": "LogisticRegression",
    "best_score": 0.9733333333333334,
    "all_model_scores": {
        "LogisticRegression": {
            "cv_scores": [
                1.0,
                1.0,
                0.9333333333333333,
                0.9666666666666667,
                0.9666666666666667
            ],
            "cv_mean_score": 0.9733333333333334
        },
        "RandomForestClassifier": {
            "cv_scores": [
                1.0,
                0.9666666666666667,
                0.9333333333333333,
                0.9333333333333333,
                0.9666666666666667
            ],
            "cv_mean_score": 0.9600000000000002
        },
        "SVC": {
            "cv_scores": [
                1.0,
                1.0,
                0.9333333333333333,
                0.9333333333333333,
                0.9666666666666667
            ],
            "cv_mean_score": 0.9666666666666668
        },
        "KNN": {
            "cv_scores": [
                1.0,
                1.0,
                0.9666666666666667,
                0.9333333333333333,
                0.9666666666666667
            ],
            "cv_mean_score": 0.9733333333333334
        },
        "XGBoost": {
            "cv_scores": [
                1.0,
                0.9666666666666667,
                0.9333333333333333,
                0.9,
                0.9333333333333333
            ],
            "cv_mean_score": 0.9466666666666667
        }
    }
}